link_karma,comment_karma,verified_email,total_posts,total_comments,avg_comment_score,total_achievements,tf_idf_post_content,tf_idf_comment,subreddit_count,comment_per_post,label
4072,3447,True,33,410,8.953658536585365,10,0.013918980090714244,0.007437586028613661,108,12.424242424242424,0
2736,280,True,12,106,3.6037735849056602,1,0.048196683011257305,0.010170592338986414,20,8.833333333333334,0
1,9,True,42,213,1.0422535211267605,1,0.0,0.026870356128883763,1,5.071428571428571,0
1951,327,True,27,150,3.3733333333333335,2,0.04424861521399328,0.012363595082471784,6,5.555555555555555,0
