link_karma,comment_karma,verified_email,total_posts,total_comments,avg_comment_score,total_achievements,tf_idf_post_content,tf_idf_comment,subreddit_count,comment_per_post,karma_ratio,avg_post_interval,avg_comment_interval,label
749,1973,True,7,68,9.764705882352942,2,0.07057257985207452,0.010061419414893698,20,9.714285714285714,0.3796249366447035,10000000,20349.548387096773,0
53,3346,True,3,425,8.863529411764706,3,0.0,0.007326678261910192,53,141.66666666666666,0.015839808726838017,10000000,24025.29411764706,0
1,0,True,2,0,0,1,0.49999999999999817,0,2,0.0,0,10000000,0,1
1,4,True,1,14,1.3571428571428572,1,0,0.0030154693219318395,11,14.0,0.25,10000000,10000000,0
1,0,True,1,4,1.0,0,0,0.03841140323298813,1,4.0,0,10000000,10000000,0
2286,38,False,976,961,1.0,0,0,0.4576867424198089,1,0.9846311475409836,60.1578947368421,74.01025641025642,70.25,1
2520,12086,True,53,1158,8.904145077720207,2,0.032687246685157954,0.008025234587745051,123,21.849056603773583,0.2085057090848916,10000000,8325.023738872404,0
2075,18687,True,23,1488,10.019489247311828,2,0.01875511765828944,0.0056771921354245875,180,64.69565217391305,0.11103976026114411,10000000,21582.38745387454,0
652,2483,True,15,293,9.976109215017065,0,0.03344752535642569,0.00958642282184384,67,19.533333333333335,0.2625855819573097,10000000,8619.738831615121,0
93,42,True,41,24,3.0833333333333335,2,0.19521344148131087,0.04172402922547298,13,0.5853658536585366,2.2142857142857144,6503.371428571429,29256.18181818182,0
1,0,True,1,0,0,1,0,0,1,0.0,0,10000000,0,0
1250,455,True,515,91,5.648351648351649,1,0.01618564232645041,0.009574428322360228,27,0.1766990291262136,2.7472527472527473,34287.681318681316,12805.382352941177,0
1,110,True,4,24,6.041666666666667,0,0.0,0.003472222222222222,11,6.0,0.00909090909090909,10000000,1235.0,0
1,1,True,10,6,1.0,2,0.32663537940751336,0.02435568715256047,9,0.6,1.0,10000000,10000000,1
1003,200,True,15,40,1.575,1,0.027163235112336395,0.016085886077281408,11,2.6666666666666665,5.015,10000000,7551.576923076923,0
